Named graph,Triples,Dataset title,Version,Date modified,License,Data deposit DOI,Source URI,Source file,Generated by,Notes
http://rdf-plantmetwiki.bioinformatics.nl/graph/pathways,3826567,PlantMetWiki core RDF derived from PlantCyc to WikiPathways: BioCyc flat-file to GPML2021 conversion pipeline,plantcyc17.0.0-gpml2021-v3 (release 3.4.1),2026-10-07,PMN Open Database License,https://doi.org/10.5281/zenodo.23208119,https://doi.org/10.5281/zenodo.20560642,all-plantcyc17.0.0-gpml2021-v3.ttl,gpml-to-rdf (code concept DOI https://doi.org/10.5281/zenodo.18404067),"Core WikiPathways RDF (pathways + reactions, both typed wp:Pathway). 2,758 gene products, 3,750 enzymes, 4,577 metabolites, 54,800 typed interaction edges, 5,722 PubMed-annotated references."
http://rdf-plantmetwiki.bioinformatics.nl/graph/gpml-properties-extra,2617839,PlantMetWiki GPML property extra RDF derived from PlantCyc to WikiPathways: BioCyc flat-file to GPML2021 conversion pipeline,plantcyc17.0.0-gpml2021-v3 (release 3.4.1),2026-10-07,PMN Open Database License,https://doi.org/10.5281/zenodo.23208119,https://doi.org/10.5281/zenodo.20560642,all_gpml_properties_extra-plantcyc17.0.0-gpml2021-v3.ttl,gpml-to-rdf (code concept DOI https://doi.org/10.5281/zenodo.18404067),PlantCyc/GPML key-value Property elements preserved as pmw:gpmlProperty. Basis for future expansion of the semantic model.
http://rdf-plantmetwiki.bioinformatics.nl/graph/gpml-taxonomy-extra,30178,PlantMetWiki taxonomy extra RDF derived from PlantCyc to WikiPathways: BioCyc flat-file to GPML2021 conversion pipeline,plantcyc17.0.0-gpml2021-v3 (release 3.4.1),2026-10-07,PMN Open Database License,https://doi.org/10.5281/zenodo.23208119,https://doi.org/10.5281/zenodo.20560642,all_gpml_taxonomy_extra-plantcyc17.0.0-gpml2021-v3.ttl,gpml-to-rdf (code concept DOI https://doi.org/10.5281/zenodo.18404067),Per-DataNode wp:organism species annotations + Viridiplantae root (NCBITaxon:33090).
http://rdf-plantmetwiki.bioinformatics.nl/graph/ncbitaxon,17707,NCBITaxon MIREOT subset for PlantMetWiki,OBO Foundry release v2026-05-13,2026-07-24,CC0 1.0,,http://purl.obolibrary.org/obo/ncbitaxon.owl,ROBOT MIREOT extract from ncbitaxon.owl (not bundled as a repo file),Snorql-UI (scripts/load-graphs/load-ncbitaxon.sh),"MIREOT subset: 424 seed taxa + ancestors, 1.4 MB, reduced from 21,719,262 triples (1.8 GB) for the full ontology. Enables cross-graph label resolution without federation."
http://rdf-plantmetwiki.bioinformatics.nl/graph/bgc-plantismash,5965,PlantMetWiki BGC crosslinks — plantiSMASH v2,plantismash-v2,2026-07-24,GPL-3.0,https://doi.org/10.5281/zenodo.20640349,https://raw.githubusercontent.com/plantismash/plantismash-database/main/data/plantismash_v2_clusters_minimal.json,plantismash.ttl,map-to-rdf,"plantiSMASH v2 pre-calculated database, 65 BGCs, Arabidopsis thaliana only."
http://rdf-plantmetwiki.bioinformatics.nl/graph/bgc-mibig,1770,PlantMetWiki BGC crosslinks — MIBiG 4.0,mibig-4.0,2026-07-24,CC-BY-4.0,https://doi.org/10.5281/zenodo.20640349,https://github.com/plantismash/plantismash/blob/master/antismash/generic_modules/knownclusterblast/knownclusters.txt,mibig.ttl,map-to-rdf,"MIBiG 4.0, 43 BGCs (9 typed Arabidopsis thaliana, 34 untyped / no species)."
http://rdf-plantmetwiki.bioinformatics.nl/graph/vocabularies,1092,Vocabulary definitions for PlantMetWiki,pmw: v1.0,2026-10-06,CC0 1.0,,http://rdf-plantmetwiki.bioinformatics.nl/vocab/ ; https://vocabularies.wikipathways.org/wp.owl ; https://vocabularies.wikipathways.org/gpml.owl ; https://github.com/cygri/void,vocabularies.ttl,Snorql-UI v1.1.0 (https://doi.org/10.5281/zenodo.23183901),"Self-describing data model: the pmw: vocabulary (6 terms, CC0) plus wp: (38 terms) and gpml: (87 terms) as SKOS concept schemes. All terms typed as OWL classes/properties with rdfs:label, definitions and rdfs:domain/rdfs:range. Lets a client resolve any pmw:, wp: or gpml: term in the same query that retrieves the data."
http://rdf-plantmetwiki.bioinformatics.nl/void,243,VoID metadata graph,,2026-10-06,CC0 1.0,,,"void-plantcyc17.0.0-gpml2021-v3.ttl + void-bgc.ttl + void-ncbitaxon.ttl + void-vocabularies.ttl (merged, deduplicated)",gpml-to-rdf + map-to-rdf + Snorql-UI,"VoID and PROV-O provenance, licensing, versioning and download locations for every content graph. Concept DOI for the RDF release: https://doi.org/10.5281/zenodo.17967619"
TOTAL,6501361,,,,,,,,,8 named graphs
